{
  "Star Binary System": {
        "distRatio": 5000.0,
        "objects": {
            "Star #1": {
                "folder": "Assets/Objects/Stars/Red Star",
                "mass": 2e+30,
                "objType": "Star",
                "particles": true,
                "position": [
                    -438.26250975000795,
                    9.408381905759477
                ],
                "radius": 60000.0,
                "velocity": [
                    1.3808779124878992,
                    -99.86006495009636
                ]
            },
            "Star #2": {
                "folder": "Assets/Objects/Stars/White Star",
                "mass": 2e+30,
                "objType": "Star",
                "particles": true,
                "position": [
                    437.2625079220463,
                    39.56695807364373
                ],
                "radius": 60000.0,
                "velocity": [
                    -1.3808779124878867,
                    99.86006495009636
                ]
            }
        },
        "simRadius": 100000000.0
    },
  "Single Star System": {
        "distRatio": 5000.0,
        "objects": {
            "Sun": {
                "folder": "Assets/Objects/Stars/Red Star",
                "mass": 2.000016e+30,
                "objType": "Star",
                "particles": true,
                "position": [
                    2.6059498680683224,
                    -17.89154750882798
                ],
                "radius": 100518.14396472643,
                "velocity": [
                    0.00018654389397445453,
                    0.0003974769844355061
                ]
            },
            "Planet #1": {
                "folder": "Assets/Objects/Planets/Earth",
                "mass": 6e+24,
                "objType": "Planet",
                "particles": true,
                "position": [
                    186.28629957089373,
                    -15.832989430061422
                ],
                "radius": 25000.0,
                "velocity": [
                    -40.777328043830245,
                    -312.444700385434
                ]
            },
            "Planet #2": {
                "folder": "Assets/Objects/Planets/Neptune",
                "mass": 6e+24,
                "objType": "Planet",
                "particles": true,
                "position": [
                    682.1914959915943,
                    -2.56445217891324
                ],
                "radius": 30000.0,
                "velocity": [
                    -3.5362558520671663,
                    -149.9556448740784
                ]
            }
        },
        "simRadius": 100000000.0
    }
}