{
    "Star Binary": {
        "distRatio": 5000.0,
        "objects": {
            "Red Star": {
                "folder": "assets/Objects/Stars/Red Star",
                "mass": 2e+30,
                "objType": "Star",
                "particles": true,
                "position": [
                    -374.72613525390625,
                    -3.756577968597412
                ],
                "radius": 60000.0,
                "velocity": [
                    3.0707592700837743,
                    31.355296186938535
                ]
            },
            "White Star": {
                "folder": "assets/Objects/Stars/White Star",
                "mass": 2e+30,
                "objType": "Star",
                "particles": true,
                "position": [
                    366.7268371582031,
                    4.756577968597412
                ],
                "radius": 60000.0,
                "velocity": [
                    -3.0707592700837707,
                    -31.355296186938535
                ]
            }
        },
        "objectsNum": 2,
        "seconds": 4080457781.0,
        "simRadius": 100000000.0
    }
}
