{
  "Star Binary System": {
        "distRatio": 5000.0,
        "objects": {
            "Star #1": {
                "folder": "assets/Objects/Stars/Red Star",
                "mass": 2e+30,
                "objType": "Star",
                "particles": true,
                "position": [
                    -438.26250975000795,
                    9.408381905759477
                ],
                "radius": 60000.0,
                "velocity": [
                    1.3808779124878992,
                    -99.86006495009636
                ]
            },
            "Star #2": {
                "folder": "assets/Objects/Stars/White Star",
                "mass": 2e+30,
                "objType": "Star",
                "particles": true,
                "position": [
                    437.2625079220463,
                    39.56695807364373
                ],
                "radius": 60000.0,
                "velocity": [
                    -1.3808779124878867,
                    99.86006495009636
                ]
            }
        },
        "simRadius": 100000000.0
    },
  "Single Star System": {
        "distRatio": 5000.0,
        "objects": {
            "Sun": {
                "folder": "assets/Objects/Stars/Red Star",
                "mass": 2.000016e+30,
                "objType": "Star",
                "particles": true,
                "position": [
                    2.6059498680683224,
                    -17.89154750882798
                ],
                "radius": 100518.14396472643,
                "velocity": [
                    0.00018654389397445453,
                    0.0003974769844355061
                ]
            },
            "Planet #1": {
                "folder": "assets/Objects/Planets/Earth",
                "mass": 6e+24,
                "objType": "Planet",
                "particles": true,
                "position": [
                    186.28629957089373,
                    -15.832989430061422
                ],
                "radius": 25000.0,
                "velocity": [
                    -40.777328043830245,
                    -312.444700385434
                ]
            },
            "Planet #2": {
                "folder": "assets/Objects/Planets/Neptune",
                "mass": 6e+24,
                "objType": "Planet",
                "particles": true,
                "position": [
                    682.1914959915943,
                    -2.56445217891324
                ],
                "radius": 30000.0,
                "velocity": [
                    -3.5362558520671663,
                    -149.9556448740784
                ]
            }
        },
        "simRadius": 100000000.0
    },
  "Planet System": {
        "distRatio": 5000.0,
        "objects": {
            "Moon": {
                "folder": "assets/Objects/Moons/Moon",
                "mass": 2e+22,
                "objType": "Moon",
                "particles": true,
                "position": [
                    490.2471239811158,
                    -11.829866940856405
                ],
                "radius": 50000.0,
                "velocity": [
                    -0.007234045296237712,
                    0.2997103890184701
                ]
            },
            "Planet": {
                "folder": "assets/Objects/Planets/Earth",
                "mass": 6e+24,
                "objType": "Planet",
                "particles": true,
                "position": [
                    -44.238042110423685,
                    -21.239511153548513
                ],
                "radius": 150000.0,
                "velocity": [
                    -0.00424677336930697,
                    -0.0018080105852939564
                ]
            }
        },
        "simRadius": 100000000.0
    },
  "Comet Storm": {
    "distRatio": 5000.0,
        "objects": {
            "Star": {
                "folder": "assets/Objects/Stars/Red Star",
                "mass": 2e+30,
                "objType": "Star",
                "particles": true,
                "position": [
                    -3.0631053437134823e-21,
                    -1.0
                ],
                "radius": 150000.0,
                "velocity": [
                    -5.9872012276897284e-18,
                    -9.348103694690356e-18
                ]
            },
            "Comet #1": {
                "folder": "assets/Objects/Comet",
                "mass": 100000000000000.0,
                "objType": "Comet",
                "particles": true,
                "position": [
                    -293.99992910732703,
                    -223.999933884565
                ],
                "radius": 10.0,
                "velocity": [
                    0.14822810159614974,
                    0.13592214104295525
                ]
            },
            "Comet #2": {
                "folder": "assets/Objects/Comet",
                "mass": 100000000000000.0,
                "objType": "Comet",
                "particles": true,
                "position": [
                    20.999982212792084,
                    -262.99981222346935
                ],
                "radius": 10.0,
                "velocity": [
                    -0.03648213683868134,
                    0.3901848419011835
                ]
            },
            "Comet #3": {
                "folder": "assets/Objects/Comet",
                "mass": 100000000000000.0,
                "objType": "Comet",
                "particles": true,
                "position": [
                    323.9999271751771,
                    -201.99995232759974
                ],
                "radius": 10.0,
                "velocity": [
                    -0.15189153531095284,
                    0.09897550558048239
                ]
            },
            "Comet #4": {
                "folder": "assets/Objects/Comet",
                "mass": 100000000000000.0,
                "objType": "Comet",
                "particles": true,
                "position": [
                    404.9999257986117,
                    11.999997618227042
                ],
                "radius": 10.0,
                "velocity": [
                    -0.15506177727362003,
                    -0.00497729161619028
                ]
            },
            "Comet #5": {
                "folder": "assets/Objects/Comet",
                "mass": 100000000000000.0,
                "objType": "Comet",
                "particles": true,
                "position": [
                    271.99993878453375,
                    261.99994081004553
                ],
                "radius": 10.0,
                "velocity": [
                    -0.12792454889233318,
                    -0.12369175131868981
                ]
            },
            "Comet #6": {
                "folder": "assets/Objects/Comet",
                "mass": 100000000000000.0,
                "objType": "Comet",
                "particles": true,
                "position": [
                    -17.999991836145124,
                    297.99986438929955
                ],
                "radius": 10.0,
                "velocity": [
                    0.017060354112973714,
                    -0.2833914377655078
                ]
            },
            "Comet #7": {
                "folder": "assets/Objects/Comet",
                "mass": 100000000000000.0,
                "objType": "Comet",
                "particles": true,
                "position": [
                    -299.999917222795,
                    185.99994840220884
                ],
                "radius": 10.0,
                "velocity": [
                    0.17298302931260195,
                    -0.10782608827152192
                ]
            },
            "Comet #8": {
                "folder": "assets/Objects/Comet",
                "mass": 100000000000000.0,