{
  "Star Binary System": {
        "distRatio": 5000.0,
        "objects": {
            "Star #1": {
                "folder": "assets/Objects/Stars/Red Star",
                "mass": 2e+30,
                "objType": "Star",
                "particles": true,
                "position": [
                    -374.72764108801726,
                    -3.771898187157778
                ],
                "radius": 60000.0,
                "velocity": [
                    3.06779406648556,
                    31.355262080069387
                ]
            },
            "untitled-1": {
                "folder": "assets/Objects/Stars/White Star",
                "mass": 2e+30,
                "objType": "Star",
                "particles": true,
                "position": [
                    366.7283277335263,
                    4.771898187157779
                ],
                "radius": 60000.0,
                "velocity": [
                    -3.0677940664855563,
                    -31.355262080069387
                ]
            }
        },
        "simRadius": 100000000.0
    },
  "Single Star System": {
    "simRadius": 100000000,
    "distRatio": 5000,
    "objects": {

    }
  },
  "Planet System": {
    "simRadius": 100000000,
    "distRatio": 5000,
    "objects": {

    }
  },
  "Asteroid Belt": {
    "simRadius": 100000000,
    "distRatio": 5000,
    "objects": {

    }
  },
  "Comet Storm": {
    "simRadius": 100000000,
    "distRatio": 5000,
    "objects": {

    }
  }
}